<?xml version="1.0" encoding="UTF-8"?>
<server description="${project.name}">

       <featureManager>
		<feature>jaxrs-2.1</feature>
		<feature>jsonp-1.1</feature>
		<feature>jsonb-1.0</feature>
		<feature>cdi-2.0</feature>
		<feature>mpConfig-1.4</feature>
	</featureManager>

    <httpEndpoint id="defaultHttpEndpoint"
                  httpPort="9080"
                  httpsPort="9443"/>

    <webApplication location="${project.name}.war" contextRoot="/">
        <classloader apiTypeVisibility="+third-party" />
    </webApplication>
    <mpMetrics authentication="false"/>

    <!-- This is the keystore that will be used by SSL and by JWT. -->
    <keyStore id="defaultKeyStore" location="public.jks" type="JKS" password="atbash" />


    <!-- The MP JWT configuration that injects the caller's JWT into a ResourceScoped bean for inspection. -->
    <mpJwt id="jwtUserConsumer" keyName="theKeyId" audiences="targetService" issuer="${jwt.issuer}"/>

</server>
